study_name,scenario,scenario_label,scenario_group,protocol,protocol_label,seed,node_count,area_size,initial_energy,rounds_completed,fnd,hnd,lnd,average_residual_energy_over_time,average_residual_energy_final_round,packet_delivery_ratio,transmission_success_ratio,end_to_end_delay,throughput_bits_per_round,average_aoi,hazardous_event_delivery_success_rate,packets_generated,packets_attempted,packets_suppressed,packets_delivered,hazardous_packets_generated,hazardous_packets_attempted,hazardous_packets_delivered
main_comparisons,normal,Normal,evaluation,standard_leach,LEACH,7,36,100.0,0.09,250,85,148,250,0.025865469933450277,0.0,0.9745413702733059,0.9745413702733059,1.6605839416058394,83296.0,23.386,1.0,5342,5342,0,5206,0,0,0
main_comparisons,normal,Normal,evaluation,energy_aware_leach,EA-LEACH,7,36,100.0,0.09,164,117,131,164,0.035874816024229095,0.0,0.9795496798182194,0.9795496798182194,1.8015605229860818,115658.53658536586,3.204437669376693,1.0,4841,4841,0,4742,0,0,0
main_comparisons,normal,Normal,evaluation,tcn_predictive_pollution_aware_leach,TCN-PPA-LEACH,7,36,100.0,0.09,260,260,260,260,0.05514469821893932,0.02596051316194092,0.7001068376068376,1.0,1.1454295742408058,100815.38461538461,0.6430555555555556,1.0,9360,6553,2807,6553,0,0,0
main_comparisons,rising_warning,Rising Warning,evaluation,standard_leach,LEACH,7,36,100.0,0.09,226,89,145,226,0.028929894798497675,0.0,0.9653363312722504,0.9653363312722504,1.674689440993789,91185.8407079646,16.222590953785645,0.9367521367521368,5337,5337,0,5152,1170,1170,1096
main_comparisons,rising_warning,Rising Warning,evaluation,energy_aware_leach,EA-LEACH,7,36,100.0,0.09,186,113,136,186,0.03191761076343363,0.0,0.9676178911151588,0.9676178911151588,1.7885379627692952,102817.20430107527,7.48252688172043,0.94136460554371,4941,4941,0,4781,938,938,883
main_comparisons,rising_warning,Rising Warning,evaluation,tcn_predictive_pollution_aware_leach,TCN-PPA-LEACH,7,36,100.0,0.09,260,226,260,260,0.04119488079677426,0.0023877809911750205,0.9967245332459875,0.9981412639405205,1.1525906451966261,140446.15384615384,0.2537393162393163,0.9960928522178809,9159,9146,13,9129,4351,4351,4334
main_comparisons,hazardous_spike,Hazardous Spike,evaluation,standard_leach,LEACH,7,36,100.0,0.09,222,88,144,222,0.029142194765463564,0.0,0.9802334337349398,0.9802334337349398,1.6594968311887843,93819.81981981982,14.78516016016016,0.9266968325791856,5312,5312,0,5207,1105,1105,1024
main_comparisons,hazardous_spike,Hazardous Spike,evaluation,energy_aware_leach,EA-LEACH,7,36,100.0,0.09,163,119,135,163,0.03637702693257696,0.0,0.97482088024565,0.97482088024565,1.7847543049139016,116858.89570552147,2.893149284253578,0.8288920056100981,4885,4885,0,4762,713,713,591
main_comparisons,hazardous_spike,Hazardous Spike,evaluation,tcn_predictive_pollution_aware_leach,TCN-PPA-LEACH,7,36,100.0,0.09,260,260,260,260,0.0477141572435539,0.01124205132956715,0.8262820512820512,1.0,1.1802430824928885,118984.61538461539,0.3689102564102565,1.0,9360,7734,1626,7734,2458,2458,2458
main_comparisons,hotspot_heavy,Hotspot Heavy,evaluation,standard_leach,LEACH,7,36,100.0,0.09,224,95,148,224,0.02877736547938779,0.0,0.9662455214029795,0.9662455214029795,1.6814988290398127,91500.0,15.69469246031746,0.9482535575679172,5303,5303,0,5124,773,773,733
main_comparisons,hotspot_heavy,Hotspot Heavy,evaluation,energy_aware_leach,EA-LEACH,7,36,100.0,0.09,170,115,133,170,0.034601728221029256,0.0,0.97132322818517,0.97132322818517,1.8078869675242513,111576.4705882353,4.295915032679739,0.9931129476584022,4882,4882,0,4742,726,726,721
main_comparisons,hotspot_heavy,Hotspot Heavy,evaluation,tcn_predictive_pollution_aware_leach,TCN-PPA-LEACH,7,36,100.0,0.09,260,235,260,260,0.042403926672352946,0.004421133655804488,0.9910463861920172,0.9991299619358347,1.134102536192446,141338.46153846153,0.10160256410256409,0.9979338842975206,9270,9195,75,9187,1452,1452,1449
main_comparisons,normal,Normal,evaluation,standard_leach,LEACH,11,36,100.0,0.09,236,87,145,236,0.027772607034708085,0.0,0.9734962406015037,0.9734962406015037,1.6503185943232284,87779.66101694915,19.735993408662903,1.0,5320,5320,0,5179,0,0,0
main_comparisons,normal,Normal,evaluation,energy_aware_leach,EA-LEACH,11,36,100.0,0.09,166,117,137,166,0.03567989284597243,0.0,0.9604243166054671,0.9604243166054671,1.7905692438402718,113445.78313253012,3.3110776439089693,1.0,4902,4902,0,4708,0,0,0
main_comparisons,normal,Normal,evaluation,tcn_predictive_pollution_aware_leach,TCN-PPA-LEACH,11,36,100.0,0.09,260,260,260,260,0.05548399560555947,0.02686992573459991,0.6755341880341881,1.0,1.156254942274237,97276.92307692308,0.6994658119658119,1.0,9360,6323,3037,6323,0,0,0
main_comparisons,rising_warning,Rising Warning,evaluation,standard_leach,LEACH,11,36,100.0,0.09,246,91,148,246,0.027582472456014567,0.0,0.9740613096317794,0.9740613096317794,1.617877094972067,87317.0731707317,20.376129177958447,0.9375513557929335,5513,5513,0,5370,1217,1217,1141
main_comparisons,rising_warning,Rising Warning,evaluation,energy_aware_leach,EA-LEACH,11,36,100.0,0.09,195,120,135,195,0.03084759875848673,0.0,0.9715088282504013,0.9715088282504013,1.7676579925650557,99323.07692307692,9.167378917378917,0.9220297029702971,4984,4984,0,4842,808,808,745
main_comparisons,rising_warning,Rising Warning,evaluation,tcn_predictive_pollution_aware_leach,TCN-PPA-LEACH,11,36,100.0,0.09,260,228,259,260,0.04084868464471367,0.0018718673274926727,0.9969378827646544,0.9978108581436077,1.1550021939447126,140246.15384615384,0.27083333333333337,0.9951888381044022,9144,9136,8,9116,4157,4157,4137
main_comparisons,hazardous_spike,Hazardous Spike,evaluation,standard_leach,LEACH,11,36,100.0,0.09,260,76,147,260,0.024875583263716774,8.369178383720265e-06,0.9727788279773157,0.9727788279773157,1.68558103381267,79169.23076923077,27.56153846153846,0.9052725647899911,5290,5290,0,5146,1119,1119,1013
main_comparisons,hazardous_spike,Hazardous Spike,evaluation,energy_aware_leach,EA-LEACH,11,36,100.0,0.09,166,107,134,166,0.035460020588873924,0.0,0.9682212133718531,0.9682212133718531,1.830988917306053,113060.24096385542,3.6633199464524764,0.7873900293255132,4846,4846,0,4692,682,682,537
main_comparisons,hazardous_spike,Hazardous Spike,evaluation,tcn_predictive_pollution_aware_leach,TCN-PPA-LEACH,11,36,100.0,0.09,260,260,260,260,0.05272349819412948,0.01881399884000681,0.8303418803418804,1.0,1.1253216675244466,119569.23076923077,0.3639957264957265,1.0,9360,7772,1588,7772,2492,2492,2492
main_comparisons,hotspot_heavy,Hotspot Heavy,evaluation,standard_leach,LEACH,11,36,100.0,0.09,258,92,146,258,0.025736261963109745,0.0,0.9801152202192901,0.9801152202192901,1.6289343951459991,81767.44186046511,25.746770025839798,0.9723032069970845,5381,5381,0,5274,686,686,667
main_comparisons,hotspot_heavy,Hotspot Heavy,evaluation,energy_aware_leach,EA-LEACH,11,36,100.0,0.09,155,112,135,155,0.03784154105164662,0.0,0.981198347107438,0.981198347107438,1.788587070962308,122554.83870967742,1.935304659498208,0.9926470588235294,4840,4840,0,4749,544,544,540
main_comparisons,hotspot_heavy,Hotspot Heavy,evaluation,tcn_predictive_pollution_aware_leach,TCN-PPA-LEACH,11,36,100.0,0.09,260,195,260,260,0.04018229212601609,0.002418769613746242,0.9908094341711882,0.998215082552432,1.1518775145283862,137661.53846153847,0.6581196581196581,0.99812734082397,9031,8964,67,8948,1068,1068,1066
main_comparisons,normal,Normal,evaluation,standard_leach,LEACH,13,36,100.0,0.09,260,79,139,260,0.025436930761670105,1.660880454661702e-05,0.9695327102803738,0.9695327102803738,1.6554848660111818,79800.0,27.371260683760685,1.0,5350,5350,0,5187,0,0,0
main_comparisons,normal,Normal,evaluation,energy_aware_leach,EA-LEACH,13,36,100.0,0.09,171,118,136,171,0.03465372101971293,0.0,0.9771708112515287,0.9771708112515287,1.7866082603254068,112140.35087719298,4.218648473034437,1.0,4906,4906,0,4794,0,0,0
main_comparisons,normal,Normal,evaluation,tcn_predictive_pollution_aware_leach,TCN-PPA-LEACH,13,36,100.0,0.09,260,260,260,260,0.05427107723720101,0.02463335323274954,0.7217948717948718,1.0,1.1415038484310243,103938.46153846153,0.5939102564102564,1.0,9360,6756,2604,6756,0,0,0
main_comparisons,rising_warning,Rising Warning,evaluation,standard_leach,LEACH,13,36,100.0,0.09,195,76,151,195,0.033375732022933625,0.0,0.9652239652239653,0.9652239652239653,1.669277462306638,104758.97435897436,8.484757834757836,0.9349736379613357,5291,5291,0,5107,1138,1138,1064
main_comparisons,rising_warning,Rising Warning,evaluation,energy_aware_leach,EA-LEACH,13,36,100.0,0.09,150,113,133,150,0.03900539175498225,0.0,0.9701492537313433,0.9701492537313433,1.8091880341880342,124800.0,1.3131481481481482,0.9143546441495778,4824,4824,0,4680,829,829,758
main_comparisons,rising_warning,Rising Warning,evaluation,tcn_predictive_pollution_aware_leach,TCN-PPA-LEACH,13,36,100.0,0.09,260,225,260,260,0.04084585788373193,0.0019176481811756356,0.9967227441555604,0.9980310654123824,1.15223586146427,140369.23076923078,0.24305555555555558,0.9957835558678847,9154,9142,12,9124,4269,4269,4251
main_comparisons,hazardous_spike,Hazardous Spike,evaluation,standard_leach,LEACH,13,36,100.0,0.09,260,87,143,260,0.024510463909657318,0.0,0.9686004212138618,0.9686004212138618,1.6967780193714173,77830.76923076923,27.81613247863248,0.8827977315689981,5223,5223,0,5059,1058,1058,934
main_comparisons,hazardous_spike,Hazardous Spike,evaluation,energy_aware_leach,EA-LEACH,13,36,100.0,0.09,154,107,136,154,0.03787200807121866,0.0,0.9614986545228731,0.9614986545228731,1.82497308934338,120649.35064935064,1.969516594516594,0.7652645861601085,4831,4831,0,4645,737,737,564
main_comparisons,hazardous_spike,Hazardous Spike,evaluation,tcn_predictive_pollution_aware_leach,TCN-PPA-LEACH,13,36,100.0,0.09,260,260,260,260,0.05157164634844654,0.016799764119692757,0.8336538461538462,1.0,1.1364859669357938,120046.15384615384,0.3530982905982906,1.0,9360,7803,1557,7803,2541,2541,2541
main_comparisons,hotspot_heavy,Hotspot Heavy,evaluation,standard_leach,LEACH,13,36,100.0,0.09,255,85,141,255,0.025888841001913635,0.0,0.9739921976592978,0.9739921976592978,1.6456227350753385,82243.13725490196,25.14466230936819,0.9672591206735267,5383,5383,0,5243,1069,1069,1034
main_comparisons,hotspot_heavy,Hotspot Heavy,evaluation,energy_aware_leach,EA-LEACH,13,36,100.0,0.09,148,116,133,148,0.03970419737487718,0.0,0.9741307947019867,0.9741307947019867,1.8066709156575314,127216.21621621621,1.0711336336336337,0.989010989010989,4832,4832,0,4707,819,819,810
main_comparisons,hotspot_heavy,Hotspot Heavy,evaluation,tcn_predictive_pollution_aware_leach,TCN-PPA-LEACH,13,36,100.0,0.09,260,211,260,260,0.04135018498588123,0.003937019352324675,0.9934174437739989,0.9990070609002648,1.143014908890116,139307.6923076923,0.5236111111111111,0.9973509933774835,9115,9064,51,9055,1510,1510,1506
main_comparisons,normal,Normal,evaluation,standard_leach,LEACH,17,36,100.0,0.09,251,88,152,251,0.026845136154056808,0.0,0.9768115942028985,0.9768115942028985,1.5958827893175074,85928.28685258965,21.617419212040723,1.0,5520,5520,0,5392,0,0,0
main_comparisons,normal,Normal,evaluation,energy_aware_leach,EA-LEACH,17,36,100.0,0.09,152,112,140,152,0.0393860568650419,0.0,0.979546821736515,0.979546821736515,1.741453428863869,128552.63157894737,0.9698464912280703,1.0,4987,4987,0,4885,0,0,0
main_comparisons,normal,Normal,evaluation,tcn_predictive_pollution_aware_leach,TCN-PPA-LEACH,17,36,100.0,0.09,260,260,260,260,0.05258742122864285,0.021614799870504513,0.6912393162393162,1.0,1.1862442040185472,99538.46153846153,0.6740384615384616,1.0,9360,6470,2890,6470,0,0,0
main_comparisons,rising_warning,Rising Warning,evaluation,standard_leach,LEACH,17,36,100.0,0.09,228,62,150,228,0.02890005863227682,0.0,0.9730286570518824,0.9730286570518824,1.6550529355149182,91140.35087719298,16.736476608187136,0.9452054794520548,5339,5339,0,5195,1022,1022,966
main_comparisons,rising_warning,Rising Warning,evaluation,energy_aware_leach,EA-LEACH,17,36,100.0,0.09,172,119,134,172,0.034376557487986945,0.0,0.9595814526056627,0.9595814526056627,1.7979474021808852,108767.44186046511,4.612080103359173,0.9012875536480687,4874,4874,0,4677,699,699,630
main_comparisons,rising_warning,Rising Warning,evaluation,tcn_predictive_pollution_aware_leach,TCN-PPA-LEACH,17,36,100.0,0.09,260,208,246,260,0.03951443877358453,0.00207764329921462,0.9956950266228617,0.9971636033582936,1.1760154738878144,135215.38461538462,0.8979700854700854,0.9933386624034106,8827,8814,13,8789,3753,3753,3728
main_comparisons,hazardous_spike,Hazardous Spike,evaluation,standard_leach,LEACH,17,36,100.0,0.09,224,80,155,224,0.02918986157363876,0.0,0.9764221556886228,0.9764221556886228,1.6379839018781142,93178.57142857143,15.684027777777777,0.9273927392739274,5344,5344,0,5218,1212,1212,1124
main_comparisons,hazardous_spike,Hazardous Spike,evaluation,energy_aware_leach,EA-LEACH,17,36,100.0,0.09,165,111,140,165,0.0367456625765201,0.0,0.9674150606000398,0.9674150606000398,1.7291024851098789,118036.36363636363,2.5493265993265988,0.8317972350230415,5033,5033,0,4869,868,868,722
main_comparisons,hazardous_spike,Hazardous Spike,evaluation,tcn_predictive_pollution_aware_leach,TCN-PPA-LEACH,17,36,100.0,0.09,260,260,260,260,0.04759289182596104,0.009620925964253799,0.8385683760683761,1.0,1.1712320040769524,120753.84615384616,0.3405982905982906,1.0,9360,7849,1511,7849,2453,2453,2453
main_comparisons,hotspot_heavy,Hotspot Heavy,evaluation,standard_leach,LEACH,17,36,100.0,0.09,237,81,153,237,0.028640883220653085,0.0,0.9767018565708045,0.9767018565708045,1.6120014908684308,90565.40084388186,18.60337552742616,0.9743968488429345,5494,5494,0,5366,2031,2031,1979
main_comparisons,hotspot_heavy,Hotspot Heavy,evaluation,energy_aware_leach,EA-LEACH,17,36,100.0,0.09,162,112,143,162,0.037409775952594426,0.0,0.9719423038925114,0.9719423038925114,1.7281967879650335,121456.79012345678,2.1088820301783264,0.9813333333333333,5061,5061,0,4919,1875,1875,1840
main_comparisons,hotspot_heavy,Hotspot Heavy,evaluation,tcn_predictive_pollution_aware_leach,TCN-PPA-LEACH,17,36,100.0,0.09,260,175,256,260,0.037682545674588806,0.00202827896378926,0.9892736388014457,0.9981178684860604,1.1930465527401297,130538.46153846153,2.8340811965811965,0.9970306829429231,8577,8501,76,8485,3031,3031,3022
main_comparisons,normal,Normal,evaluation,standard_leach,LEACH,19,36,100.0,0.09,211,70,157,211,0.031133166887050635,0.0,0.9673300788584304,0.9673300788584304,1.6591614906832297,97668.24644549763,12.163770405476566,1.0,5326,5326,0,5152,0,0,0
main_comparisons,normal,Normal,evaluation,energy_aware_leach,EA-LEACH,19,36,100.0,0.09,162,114,135,162,0.03677238076436059,0.0,0.9641264693960275,0.9641264693960275,1.7786420012612991,117456.79012345678,2.6815843621399176,1.0,4934,4934,0,4757,0,0,0
main_comparisons,normal,Normal,evaluation,tcn_predictive_pollution_aware_leach,TCN-PPA-LEACH,19,36,100.0,0.09,260,260,260,260,0.0547882742838246,0.02560443104264831,0.7055555555555556,1.0,1.1447607510599636,101600.0,0.6245726495726497,1.0,9360,6604,2756,6604,0,0,0
main_comparisons,rising_warning,Rising Warning,evaluation,standard_leach,LEACH,19,36,100.0,0.09,216,87,144,216,0.029902771391811647,0.0,0.9686484419805008,0.9686484419805008,1.686994276692323,93833.33333333333,14.591049382716049,0.9362582781456954,5231,5231,0,5067,1208,1208,1131
main_comparisons,rising_warning,Rising Warning,evaluation,energy_aware_leach,EA-LEACH,19,36,100.0,0.09,187,116,134,187,0.03135405424956407,0.0,0.9802986312733306,0.9802986312733306,1.806854241590861,101112.29946524065,8.367349970291146,0.9511111111111111,4822,4822,0,4727,900,900,856
main_comparisons,rising_warning,Rising Warning,evaluation,tcn_predictive_pollution_aware_leach,TCN-PPA-LEACH,19,36,100.0,0.09,260,229,260,260,0.0420436096243054,0.0037945210158043074,0.9960560911481157,0.9984625521634087,1.1447426308842938,139876.92307692306,0.275,0.9968116602140742,9128,9106,22,9092,4391,4391,4377
main_comparisons,hazardous_spike,Hazardous Spike,evaluation,standard_leach,LEACH,19,36,100.0,0.09,203,70,146,203,0.03216742440910154,0.0,0.9709324273310683,0.9709324273310683,1.6576594090202177,101359.60591133004,9.837712096332787,0.9445865302642796,5298,5298,0,5144,1173,1173,1108
main_comparisons,hazardous_spike,Hazardous Spike,evaluation,energy_aware_leach,EA-LEACH,19,36,100.0,0.09,180,114,135,180,0.03283836338152083,0.0,0.9723014256619145,0.9723014256619145,1.7744030163385003,106088.88888888889,6.205401234567901,0.8293963254593176,4910,4910,0,4774,762,762,632
main_comparisons,hazardous_spike,Hazardous Spike,evaluation,tcn_predictive_pollution_aware_leach,TCN-PPA-LEACH,19,36,100.0,0.09,260,260,260,260,0.04927613156517119,0.013033548331073674,0.8221153846153846,1.0,1.1628330084470435,118384.61538461539,0.3810897435897436,1.0,9360,7695,1665,7695,2482,2482,2482
main_comparisons,hotspot_heavy,Hotspot Heavy,evaluation,standard_leach,LEACH,19,36,100.0,0.09,213,92,156,213,0.031412547739815215,0.0,0.9805242082271569,0.9805242082271569,1.5836272507889364,101164.31924882629,10.638758476786649,0.9753086419753086,5494,5494,0,5387,1053,1053,1027
main_comparisons,hotspot_heavy,Hotspot Heavy,evaluation,energy_aware_leach,EA-LEACH,19,36,100.0,0.09,190,126,138,190,0.032147775818404306,0.0,0.9795114263199369,0.9795114263199369,1.6896621078037006,104673.68421052632,7.117105263157895,0.9860696517412936,5076,5076,0,4972,1005,1005,991
main_comparisons,hotspot_heavy,Hotspot Heavy,evaluation,tcn_predictive_pollution_aware_leach,TCN-PPA-LEACH,19,36,100.0,0.09,260,160,237,260,0.03568707180493202,0.00027514870716122293,0.9855177407675597,0.9960966089290071,1.2145481263776634,125630.76923076923,3.5447649572649573,0.9961240310077519,8286,8198,88,8166,1548,1548,1542
main_comparisons,normal,Normal,evaluation,standard_leach,LEACH,23,36,100.0,0.09,230,101,148,230,0.028544255860087183,0.0,0.9785859331733432,0.9785859331733432,1.633465383889832,92191.30434782608,15.885507246376811,1.0,5417,5417,0,5301,0,0,0
main_comparisons,normal,Normal,evaluation,energy_aware_leach,EA-LEACH,23,36,100.0,0.09,158,114,136,158,0.03773877696337567,0.0,0.9669792091316755,0.9669792091316755,1.7881534569983137,120101.26582278482,1.9875175808720116,1.0,4906,4906,0,4744,0,0,0
main_comparisons,normal,Normal,evaluation,tcn_predictive_pollution_aware_leach,TCN-PPA-LEACH,23,36,100.0,0.09,260,260,260,260,0.05544796709919824,0.02628934473864512,0.6829059829059829,1.0,1.1591051314142677,98338.46153846153,0.6808760683760684,1.0,9360,6392,2968,6392,0,0,0
main_comparisons,rising_warning,Rising Warning,evaluation,standard_leach,LEACH,23,36,100.0,0.09,227,77,143,227,0.028680772748759117,0.0,0.9737983034872761,0.9737983034872761,1.6716995741385985,91030.83700440529,16.543073910915318,0.9431900946831755,5305,5305,0,5166,1373,1373,1295
main_comparisons,rising_warning,Rising Warning,evaluation,energy_aware_leach,EA-LEACH,23,36,100.0,0.09,177,113,137,177,0.033672094567974827,0.0,0.9793396799675916,0.9793396799675916,1.7838676318510858,109265.53672316384,5.316227244193346,0.9545893719806763,4937,4937,0,4835,1035,1035,988
main_comparisons,rising_warning,Rising Warning,evaluation,tcn_predictive_pollution_aware_leach,TCN-PPA-LEACH,23,36,100.0,0.09,260,241,260,260,0.04245952379414339,0.0031588916972575794,0.9982747466034074,0.9990288119132406,1.1376107150572479,142430.76923076922,0.06848290598290598,0.9980544747081712,9274,9267,7,9258,4626,4626,4617
main_comparisons,hazardous_spike,Hazardous Spike,evaluation,standard_leach,LEACH,23,36,100.0,0.09,218,90,151,218,0.030037238561204455,0.0,0.963053263315829,0.963053263315829,1.6560856864654332,94220.18348623853,13.736111111111109,0.8905047048759623,5332,5332,0,5135,1169,1169,1041
main_comparisons,hazardous_spike,Hazardous Spike,evaluation,energy_aware_leach,EA-LEACH,23,36,100.0,0.09,191,116,137,191,0.03118294200849179,0.0,0.9636765001003411,0.9636765001003411,1.7667638483965014,100565.44502617801,8.176119837114603,0.8102815177478581,4983,4983,0,4802,817,817,662
main_comparisons,hazardous_spike,Hazardous Spike,evaluation,tcn_predictive_pollution_aware_leach,TCN-PPA-LEACH,23,36,100.0,0.09,260,260,260,260,0.04917558410477963,0.012397451709116637,0.8142094017094017,1.0,1.1796352184752656,117246.15384615384,0.3988247863247863,1.0,9360,7621,1739,7621,2480,2480,2480
main_comparisons,hotspot_heavy,Hotspot Heavy,evaluation,standard_leach,LEACH,23,36,100.0,0.09,250,101,140,250,0.02589608389345122,0.0,0.9787798408488063,0.9787798408488063,1.6627951993805652,82656.0,23.409333333333333,0.9787390029325513,5278,5278,0,5166,1364,1364,1335
main_comparisons,hotspot_heavy,Hotspot Heavy,evaluation,energy_aware_leach,EA-LEACH,23,36,100.0,0.09,157,116,134,157,0.03768013963162216,0.0,0.9692025290638384,0.9692025290638384,1.78493265993266,121070.06369426752,1.9110049539985852,0.9709257842387146,4903,4903,0,4752,1307,1307,1269
main_comparisons,hotspot_heavy,Hotspot Heavy,evaluation,tcn_predictive_pollution_aware_leach,TCN-PPA-LEACH,23,36,100.0,0.09,260,185,260,260,0.04009108995079145,0.0038843441864493053,0.9948209862643549,0.9986437613019892,1.1591217745586238,135938.46153846153,1.3973290598290597,0.9986754966887417,8882,8848,34,8836,2265,2265,2262
main_comparisons,normal,Normal,evaluation,standard_leach,LEACH,29,36,100.0,0.09,235,110,150,235,0.02790911973726316,0.0,0.9713761467889909,0.9713761467889909,1.617302606724594,90110.63829787234,16.75082742316785,1.0,5450,5450,0,5294,0,0,0
main_comparisons,normal,Normal,evaluation,energy_aware_leach,EA-LEACH,29,36,100.0,0.09,181,119,136,181,0.03305815209700712,0.0,0.9697763449526496,0.9697763449526496,1.7502597132765427,106364.6408839779,5.866482504604051,1.0,4963,4963,0,4813,0,0,0
main_comparisons,normal,Normal,evaluation,tcn_predictive_pollution_aware_leach,TCN-PPA-LEACH,29,36,100.0,0.09,260,260,260,260,0.05346355729464878,0.023046478420670913,0.6951923076923077,1.0,1.1702781619794067,100107.69230769231,0.6592948717948718,1.0,9360,6507,2853,6507,0,0,0
main_comparisons,rising_warning,Rising Warning,evaluation,standard_leach,LEACH,29,36,100.0,0.09,198,103,149,198,0.032761412552891445,0.0,0.9660003736222679,0.9660003736222679,1.6700831560626572,104464.64646464646,7.819584736251403,0.9232981783317353,5353,5353,0,5171,1043,1043,963
main_comparisons,rising_warning,Rising Warning,evaluation,energy_aware_leach,EA-LEACH,29,36,100.0,0.09,159,119,135,159,0.037116898956702095,0.0,0.9847579814624099,0.9847579814624099,1.8035975737293453,120276.72955974843,2.3404961565338924,0.9565217391304348,4855,4855,0,4781,759,759,726
main_comparisons,rising_warning,Rising Warning,evaluation,tcn_predictive_pollution_aware_leach,TCN-PPA-LEACH,29,36,100.0,0.09,260,218,260,260,0.041659850431797346,0.003020818215550942,0.9984775989560678,0.9988034373980202,1.1463733391417992,141261.53846153847,0.22051282051282053,0.9973952166706133,9196,9193,3,9182,4223,4223,4212
main_comparisons,hazardous_spike,Hazardous Spike,evaluation,standard_leach,LEACH,29,36,100.0,0.09,218,101,150,218,0.02989591876094549,0.0,0.9785264716771566,0.9785264716771566,1.6155883465758607,96990.8256880734,12.452217125382262,0.9268495428096426,5402,5402,0,5286,1203,1203,1115
main_comparisons,hazardous_spike,Hazardous Spike,evaluation,energy_aware_leach,EA-LEACH,29,36,100.0,0.09,191,114,138,191,0.031899235081545525,0.0,0.9733359668180921,0.9733359668180921,1.7098214285714286,103204.18848167539,7.566172193135546,0.8629213483146068,5063,5063,0,4928,890,890,768
main_comparisons,hazardous_spike,Hazardous Spike,evaluation,tcn_predictive_pollution_aware_leach,TCN-PPA-LEACH,29,36,100.0,0.09,260,260,260,260,0.04771100462518327,0.01017537581989627,0.8176282051282051,1.0,1.1814974519796158,117738.46153846153,0.3877136752136752,1.0,9360,7653,1707,7653,2460,2460,2460
main_comparisons,hotspot_heavy,Hotspot Heavy,evaluation,standard_leach,LEACH,29,36,100.0,0.09,191,86,142,191,0.0332649116411179,0.0,0.9834996162701458,0.9834996162701458,1.6706984003121341,107350.78534031413,7.360383944153577,0.9903201787043932,5212,5212,0,5126,1343,1343,1330
main_comparisons,hotspot_heavy,Hotspot Heavy,evaluation,energy_aware_leach,EA-LEACH,29,36,100.0,0.09,191,109,136,191,0.030896323914922558,0.0,0.9608722233543917,0.9608722233543917,1.7698833510074232,98743.4554973822,9.021815008726005,0.9745762711864406,4907,4907,0,4715,1298,1298,1265
main_comparisons,hotspot_heavy,Hotspot Heavy,evaluation,tcn_predictive_pollution_aware_leach,TCN-PPA-LEACH,29,36,100.0,0.09,260,207,260,260,0.040132119954567703,0.0031284128163580447,0.9884070895106454,0.998198806709445,1.150445471974738,136415.38461538462,0.8740384615384615,0.9983179142136249,8971,8883,88,8867,2378,2378,2374
main_comparisons,normal,Normal,evaluation,standard_leach,LEACH,31,36,100.0,0.09,221,78,150,221,0.02937599096754681,0.0,0.9731928267701978,0.9731928267701978,1.6286094224924013,95276.01809954751,13.63750628456511,1.0,5409,5409,0,5264,0,0,0
main_comparisons,normal,Normal,evaluation,energy_aware_leach,EA-LEACH,31,36,100.0,0.09,171,114,134,171,0.03441823390670346,0.0,0.9680785758133824,0.9680785758133824,1.776157260621433,110666.66666666667,4.437621832358675,1.0,4887,4887,0,4731,0,0,0
main_comparisons,normal,Normal,evaluation,tcn_predictive_pollution_aware_leach,TCN-PPA-LEACH,31,36,100.0,0.09,260,260,260,260,0.05488385767638932,0.02561910093921506,0.6930555555555555,1.0,1.1516879913673501,99800.0,0.6608974358974358,1.0,9360,6487,2873,6487,0,0,0
main_comparisons,rising_warning,Rising Warning,evaluation,standard_leach,LEACH,31,36,100.0,0.09,236,86,152,236,0.0279834720718262,0.0,0.9770240700218819,0.9770240700218819,1.6157148189622994,90813.55932203389,17.031779661016948,0.9479392624728851,5484,5484,0,5358,1383,1383,1311
main_comparisons,rising_warning,Rising Warning,evaluation,energy_aware_leach,EA-LEACH,31,36,100.0,0.09,176,106,139,176,0.03407618978471405,0.0,0.9765248796147673,0.9765248796147673,1.7522087528251489,110613.63636363637,4.904513888888889,0.9477756286266924,4984,4984,0,4867,1034,1034,980
main_comparisons,rising_warning,Rising Warning,evaluation,tcn_predictive_pollution_aware_leach,TCN-PPA-LEACH,31,36,100.0,0.09,260,198,248,260,0.038797079331404305,0.0018311359515756516,0.9951840385276918,0.9968986905582357,1.1871183316050236,133523.07692307694,1.3537393162393163,0.9933234421364985,8721,8706,15,8679,4044,4044,4017
main_comparisons,hazardous_spike,Hazardous Spike,evaluation,standard_leach,LEACH,31,36,100.0,0.09,214,78,154,214,0.031233025552067275,0.0,0.9723855335827544,0.9723855335827544,1.5716379626236716,102018.69158878505,10.263888888888891,0.9113924050632911,5613,5613,0,5458,1422,1422,1296
main_comparisons,hazardous_spike,Hazardous Spike,evaluation,energy_aware_leach,EA-LEACH,31,36,100.0,0.09,158,116,142,158,0.03833921081855581,0.0,0.9817061045933585,0.9817061045933585,1.715819323475795,124987.34177215189,1.7304852320675106,0.9021615472127418,5029,5029,0,4937,879,879,793
main_comparisons,hazardous_spike,Hazardous Spike,evaluation,tcn_predictive_pollution_aware_leach,TCN-PPA-LEACH,31,36,100.0,0.09,260,250,260,260,0.046535084785205044,0.00818894307211613,0.8270918039803125,0.9997413347128815,1.1939197930142302,118923.07692307692,0.37585470085470085,1.0,9346,7732,1614,7730,2487,2487,2487
main_comparisons,hotspot_heavy,Hotspot Heavy,evaluation,standard_leach,LEACH,31,36,100.0,0.09,234,87,148,234,0.02804197418673097,0.0,0.976542297746583,0.976542297746583,1.633251371288065,90376.06837606838,16.888770180436847,0.9664107485604606,5414,5414,0,5287,1042,1042,1007
main_comparisons,hotspot_heavy,Hotspot Heavy,evaluation,energy_aware_leach,EA-LEACH,31,36,100.0,0.09,155,113,135,155,0.038073156583478235,0.0,0.9880214787277984,0.9880214787277984,1.7907608695652173,123458.06451612903,1.8218637992831543,0.9889705882352942,4842,4842,0,4784,816,816,807
main_comparisons,hotspot_heavy,Hotspot Heavy,evaluation,tcn_predictive_pollution_aware_leach,TCN-PPA-LEACH,31,36,100.0,0.09,260,200,260,260,0.04048045702114172,0.0029539399168009967,0.9892236639542555,0.9987787276562673,1.1499555357936861,138400.0,0.5617521367521368,0.996096291476903,9094,9007,87,8996,1537,1537,1531
main_comparisons,normal,Normal,evaluation,standard_leach,LEACH,37,36,100.0,0.09,239,82,144,239,0.027323961548860836,0.0,0.9773883550028265,0.9773883550028265,1.6572199730094468,86811.71548117154,20.258600650860057,1.0,5307,5307,0,5187,0,0,0
main_comparisons,normal,Normal,evaluation,energy_aware_leach,EA-LEACH,37,36,100.0,0.09,154,118,133,154,0.03850739505311245,0.0,0.9710174717368962,0.9710174717368962,1.7917019475021168,122701.2987012987,1.6645021645021645,1.0,4865,4865,0,4724,0,0,0
main_comparisons,normal,Normal,evaluation,tcn_predictive_pollution_aware_leach,TCN-PPA-LEACH,37,36,100.0,0.09,260,260,260,260,0.0542862001503868,0.02493828902550437,0.7226495726495726,1.0,1.1352749852158486,104061.53846153847,0.5914529914529915,1.0,9360,6764,2596,6764,0,0,0
main_comparisons,rising_warning,Rising Warning,evaluation,standard_leach,LEACH,37,36,100.0,0.09,239,85,148,239,0.027062938654684055,0.0,0.9729323308270676,0.9729323308270676,1.6580370942812983,86627.61506276151,19.708042770804283,0.9376797698945349,5320,5320,0,5176,1043,1043,978
main_comparisons,rising_warning,Rising Warning,evaluation,energy_aware_leach,EA-LEACH,37,36,100.0,0.09,153,118,136,153,0.03863833373494244,0.0,0.9698267074413863,0.9698267074413863,1.7815850325835612,124366.01307189543,1.4411764705882353,0.9118421052631579,4905,4905,0,4757,760,760,693
main_comparisons,rising_warning,Rising Warning,evaluation,tcn_predictive_pollution_aware_leach,TCN-PPA-LEACH,37,36,100.0,0.09,260,235,259,260,0.041118213258720296,0.0024689333119235594,0.9967159277504105,0.9979175800087681,1.1471718835804503,140076.92307692306,0.24989316239316242,0.9953748782862707,9135,9124,11,9105,4108,4108,4089
main_comparisons,hazardous_spike,Hazardous Spike,evaluation,standard_leach,LEACH,37,36,100.0,0.09,245,83,134,245,0.02615015146590624,0.0,0.9652123774745339,0.9652123774745339,1.709279171644763,81991.83673469388,23.952607709750566,0.8819875776397516,5203,5203,0,5022,966,966,852
main_comparisons,hazardous_spike,Hazardous Spike,evaluation,energy_aware_leach,EA-LEACH,37,36,100.0,0.09,158,111,132,158,0.0368529313236342,0.0,0.9753499059954042,0.9753499059954042,1.8402227457699722,118202.53164556962,2.591420534458509,0.8351145038167939,4787,4787,0,4669,655,655,547
main_comparisons,hazardous_spike,Hazardous Spike,evaluation,tcn_predictive_pollution_aware_leach,TCN-PPA-LEACH,37,36,100.0,0.09,260,260,260,260,0.05184341563801543,0.017351635577238973,0.8381410256410257,1.0,1.1311663479923517,120692.30769230769,0.3438034188034188,1.0,9360,7845,1515,7845,2516,2516,2516
main_comparisons,hotspot_heavy,Hotspot Heavy,evaluation,standard_leach,LEACH,37,36,100.0,0.09,230,85,152,230,0.028915273918708014,0.0,0.9789139764881508,0.9789139764881508,1.652878383530309,91234.78260869565,16.91111111111111,0.978984238178634,5359,5359,0,5246,1142,1142,1118
main_comparisons,hotspot_heavy,Hotspot Heavy,evaluation,energy_aware_leach,EA-LEACH,37,36,100.0,0.09,160,117,135,160,0.03712653209462209,0.0,0.9745261870796821,0.9745261870796821,1.7791718946047679,119550.0,2.331423611111111,0.9776440240756664,4907,4907,0,4782,1163,1163,1137
main_comparisons,hotspot_heavy,Hotspot Heavy,evaluation,tcn_predictive_pollution_aware_leach,TCN-PPA-LEACH,37,36,100.0,0.09,260,191,260,260,0.039938223116470085,0.002988562644045921,0.9899351375531201,0.9987588852533003,1.1639177586985991,136184.61538461538,1.2806623931623933,0.9966248794599807,8942,8863,79,8852,2074,2074,2067
main_comparisons,normal,Normal,evaluation,standard_leach,LEACH,41,36,100.0,0.09,211,99,148,211,0.031029331692851842,0.0,0.9756463094792057,0.9756463094792057,1.652457757296467,98729.85781990521,11.494997367035284,1.0,5338,5338,0,5208,0,0,0
main_comparisons,normal,Normal,evaluation,energy_aware_leach,EA-LEACH,41,36,100.0,0.09,163,119,135,163,0.03637702693257696,0.0,0.97482088024565,0.97482088024565,1.7847543049139016,116858.89570552147,2.893149284253578,1.0,4885,4885,0,4762,0,0,0
main_comparisons,normal,Normal,evaluation,tcn_predictive_pollution_aware_leach,TCN-PPA-LEACH,41,36,100.0,0.09,260,260,260,260,0.05383577928897593,0.024539500045380427,0.6929487179487179,1.0,1.1648165279062597,99784.61538461539,0.6606837606837607,1.0,9360,6486,2874,6486,0,0,0
main_comparisons,rising_warning,Rising Warning,evaluation,standard_leach,LEACH,41,36,100.0,0.09,260,68,150,260,0.02515454511332685,8.103840545211904e-06,0.9722432024169184,0.9722432024169184,1.6739172654884444,79215.38461538461,27.65726495726496,0.9532520325203252,5296,5296,0,5149,984,984,938
main_comparisons,rising_warning,Rising Warning,evaluation,energy_aware_leach,EA-LEACH,41,36,100.0,0.09,170,115,133,170,0.034601728221029256,0.0,0.97132322818517,0.97132322818517,1.8078869675242513,111576.4705882353,4.295915032679739,0.9218045112781955,4882,4882,0,4742,665,665,613
main_comparisons,rising_warning,Rising Warning,evaluation,tcn_predictive_pollution_aware_leach,TCN-PPA-LEACH,41,36,100.0,0.09,260,253,260,260,0.04289021964244269,0.0032874893473758635,0.9971054888507719,0.999140616607584,1.134286635845608,143092.3076923077,0.017628205128205128,0.9980662315687696,9328,9309,19,9301,4137,4137,4129
main_comparisons,hazardous_spike,Hazardous Spike,evaluation,standard_leach,LEACH,41,36,100.0,0.09,233,72,145,233,0.02747846716109677,0.0,0.9679817038307604,0.9679817038307604,1.703878716282733,87193.1330472103,18.97412970910825,0.8836395450568679,5247,5247,0,5079,1143,1143,1010
main_comparisons,hazardous_spike,Hazardous Spike,evaluation,energy_aware_leach,EA-LEACH,41,36,100.0,0.09,183,108,132,183,0.032149718788280615,0.0,0.9734403953057443,0.9734403953057443,1.8252961082910322,103344.26229508196,7.295992714025501,0.8398328690807799,4857,4857,0,4728,718,718,603
main_comparisons,hazardous_spike,Hazardous Spike,evaluation,tcn_predictive_pollution_aware_leach,TCN-PPA-LEACH,41,36,100.0,0.09,260,260,260,260,0.05222322917504768,0.018070592948774927,0.8398504273504274,1.0,1.1295000636051393,120938.46153846153,0.3384615384615385,1.0,9360,7861,1499,7861,2503,2503,2503
main_comparisons,hotspot_heavy,Hotspot Heavy,evaluation,standard_leach,LEACH,41,36,100.0,0.09,260,89,141,260,0.025440853515103095,8.479630124503965e-05,0.9623166883237424,0.9623166883237424,1.6427469135802468,79753.84615384616,27.42628205128205,0.9582366589327146,5387,5387,0,5184,862,862,826
main_comparisons,hotspot_heavy,Hotspot Heavy,evaluation,energy_aware_leach,EA-LEACH,41,36,100.0,0.09,160,118,132,160,0.036500169916320116,0.0,0.9732531619324072,0.9732531619324072,1.8052833404345974,117350.0,2.665798611111111,0.9847238542890717,4823,4823,0,4694,851,851,838
main_comparisons,hotspot_heavy,Hotspot Heavy,evaluation,tcn_predictive_pollution_aware_leach,TCN-PPA-LEACH,41,36,100.0,0.09,260,191,260,260,0.04133289482756524,0.0032914569436069308,0.987674520069808,0.9992275435886118,1.141800110436223,139307.6923076923,0.5087606837606837,0.9987333755541482,9168,9062,106,9055,1579,1579,1577
